trip_duration,distance_traveled,num_of_passengers,fare,tip,miscellaneous_fees,total_fare,surge_applied
748,2.75,1,75,24,6.3,105.3,0
1187,3.43,1,105,24,13.2,142.2,0
730,3.12,1,71.25,0,26.625,97.875,1
671,5.63,3,90,0,9.75,99.75,0
329,2.09,1,45,12,13.2,70.2,0
355,1.74,1,45,0,26.625,71.625,1
453,2.22,1,52.5,0,6,58.5,0
1288,5.21,1,116.25,36,26.325,178.575,1
134,1.48,1,33.75,0,6,39.75,0
980,3.48,1,90,0,6,96,0
84305,4.94,2,116.25,29,26.2,171.45,1
328,2.16,1,48.75,15,26.7,90.45,1
1848,4.83,1,142.5,17,26.425,185.925,1
305,2.04,1,45,0,9.75,54.75,0
234,1.61,0,37.5,0,26.625,64.125,1
1537,7.64,1,146.25,14,26.425,186.675,1
4059,30,1,390,0,55.125,445.125,0
530,2.43,1,56.25,0,9.75,66,0
319,1.67,1,41.25,0,26.625,67.875,1
773,3.41,2,75,9,13.5,97.5,0
375,1.45,1,45,24,33.825,102.825,1
586,2.57,1,63.75,0,26.625,90.375,1
357,1.43,1,112.5,0,2.25,114.75,0
1617,3.23,6,123.75,8,26.125,157.875,1
1163,5.62,1,108.75,0,13.5,122.25,0
1059,5.39,1,112.5,0,6,118.5,0
1271,4.84,1,116.25,0,26.625,142.875,1
915,4.46,1,93.75,26,33.7,153.45,1
742,4.89,3,90,11,30.625,131.625,1
1467,5.21,1,127.5,0,6,133.5,0
929,4.31,1,93.75,25,5.9,124.65,0
1149,9.35,1,153.75,0,26.625,180.375,1
1146,3.88,1,97.5,37,26.825,161.325,1
1023,2.41,2,90,19,6.125,115.125,0
255,2.48,1,45,0,6,51,0
668,3.11,2,75,0,9.75,84.75,0
11323,0.14,1,337.5,68,2.2,407.7,0
3722,19.17,1,322.5,89,34.3,445.8,1
962,12.7,1,180,37,6.2,223.2,0
407,5.13,1,78.75,18,9.45,106.2,0
512,2.4,1,56.25,12,6.45,74.7,0
139,0.64,1,26.25,9,6.375,41.625,0
1911,6.76,1,161.25,47,26.575,234.825,1
622,2.03,1,60,0,26.625,86.625,1
3438,27.54,1,408.75,4,75.65,488.4,1
395,2.27,1,52.5,13,13.7,79.2,0
703,6.45,1,101.25,28,9.5,138.75,0
978,4.51,1,97.5,12,27.075,136.575,1
730,3.35,1,75,22,33.95,130.95,1
1113,3.51,1,93.75,0,13.5,107.25,0
522,2.56,1,63.75,0,26.625,90.375,1
608,2.8,1,63.75,0,6,69.75,0
728,3.09,1,78.75,0,6,84.75,0
207,1.85,1,41.25,0,6,47.25,0
453,2.12,1,52.5,0,6,58.5,0
718,5.42,1,93.75,0,6,99.75,0
626,2.57,2,67.5,19,26.375,112.875,1
784,2.25,1,71.25,20,26.2,117.45,1
273,1.95,1,45,11,9.7,65.7,0
569,2.43,1,63.75,21,5.925,90.675,0
2175,13.07,1,232.5,0,9.75,242.25,0
1202,6.12,1,120,29,26.875,175.875,1
214,1.43,1,37.5,9,5.7,52.2,0
751,3.98,1,78.75,0,6,84.75,0
295,1.63,1,41.25,0,9.75,51,0
460,1.58,1,48.75,15,26.7,90.45,1
567,2.85,1,63.75,15,13.95,92.7,0
427,1.63,1,48.75,16,6.425,71.175,0
2147,16.87,1,251.25,0,26.625,277.875,1
845,2.54,1,75,16,6.2,97.2,0
887,10.99,1,153.75,0,55.125,208.875,0
447,1.77,1,48.75,0,6,54.75,0
420,1.75,1,48.75,0,13.5,62.25,0
142,0.66,1,26.25,0,6,32.25,0
537,1.54,1,56.25,0,13.5,69.75,0
972,3.17,1,78.75,0,6,84.75,0
2406,4.38,1,176.25,41,26.2,243.45,1
684,3.83,1,78.75,0,6,84.75,0
1090,6.65,1,120,38,13,171,0
1215,13.68,2,195,0,30.375,225.375,1
1045,17.27,2,225,0,6,231,0
2467,11.35,5,221.25,0,13.5,234.75,0
319,1.32,1,41.25,0,9.75,51,0
2249,28.49,1,390,15,55.125,460.125,0
692,3.19,1,78.75,22,9.875,110.625,0
10,0.31,1,75,0,2.25,77.25,0
1592,13.84,1,213.75,50,33.625,297.375,1
1092,9.66,6,142.5,34,26.45,202.95,1
234,1.22,1,33.75,0,6,39.75,0
506,2.86,2,60,0,26.625,86.625,1
1303,3.2,1,108.75,27,26.7,162.45,1
1244,14.82,2,202.5,0,9.75,212.25,0
1592,5.66,1,131.25,0,26.625,157.875,1
1641,19.07,1,262.5,38,9.25,309.75,0
1242,6.94,1,123.75,0,6,129.75,0
1029,3.2,1,90,19,6.2,115.2,0
958,2.9,5,90,19,6.2,115.2,0
664,2.9,1,67.5,22,6.05,95.55,0
1461,4.57,1,123.75,0,13.5,137.25,0
1518,5.47,1,135,40,26.75,201.75,1
502,2.09,1,56.25,12,6.45,74.7,0
1042,4.99,1,105,0,6,111,0
1211,3.28,1,101.25,27,34.2,162.45,1
292,0.77,1,37.5,13,6.05,56.55,0
827,2.98,1,82.5,0,13.5,96,0
592,1.37,1,56.25,0,13.5,69.75,0
536,2.16,1,56.25,0,9.75,66,0
173,0.58,1,26.25,0,6,32.25,0
903,3.59,1,82.5,23,34.45,139.95,1
420,1.79,1,52.5,0,9.75,62.25,0
292,1.38,1,41.25,0,13.5,54.75,0
462,1.93,2,52.5,0,6,58.5,0
663,2.35,1,63.75,15,6,84.75,0
467,0.69,1,48.75,0,6,54.75,0
1684,12.15,1,191.25,38,33.625,262.875,1
194,1.29,1,33.75,8,5.95,47.7,0
610,2.7,1,63.75,24,34.575,122.325,1
467,2.04,1,56.25,0,13.5,69.75,0
760,3.73,1,78.75,0,9.75,88.5,0
437,6.13,1,93.75,1,9.35,104.1,0
1039,2.83,1,90,24,6,120,0
668,3.04,1,67.5,15,10.2,92.7,0
594,2.06,2,60,15,13.2,88.2,0
762,6.16,5,105,24,13.2,142.2,0
468,1.9,1,52.5,0,6,58.5,0
2600,6.73,1,180,0,6,186,0
660,2.48,1,67.5,0,6,73.5,0
621,3.7,1,67.5,0,9.75,77.25,0
1245,4.75,1,108.75,29,33.7,171.45,1
921,1.77,1,78.75,0,13.5,92.25,0
548,2.48,1,60,21,9.675,90.675,0
2709,10.9,1,225,22,2.75,249.75,0
2186,27.91,1,390,89,55.15,534.15,0
955,4.18,1,97.5,25,26.375,148.875,1
3164,16.88,1,318.75,0,55.125,373.875,0
450,2,1,52.5,13,13.7,79.2,0
324,1.4,1,45,8,5.65,58.65,0
468,1.21,6,48.75,11,5.95,65.7,0
2431,3.14,1,176.25,0,13.5,189.75,0
819,5.05,1,135,8,1.75,144.75,0
571,3.04,1,67.5,22,6.05,95.55,0
281,1.24,1,37.5,0,6,43.5,0
944,1.64,1,78.75,34,34.025,146.775,1
917,6.28,1,105,26,26.875,157.875,1
556,1.77,1,60,13,6.125,79.125,0
337,1.32,3,41.25,0,13.5,54.75,0
392,1.58,1,45,15,9.75,69.75,0
548,2.01,1,56.25,0,6,62.25,0
1681,15.77,1,225,25,26.375,276.375,1
1941,5.18,1,146.25,0,6.075,152.325,0
459,3.22,1,60,0,30.375,90.375,1
1855,8.55,1,168.75,29,26.95,224.7,1
4416,20.87,1,393.75,75,34.125,502.875,1
335,1.56,1,41.25,0,6,47.25,0
748,2.49,1,71.25,0,6,77.25,0
849,2.57,5,78.75,21,26.7,126.45,1
465,1.29,1,48.75,11,5.875,65.625,0
3392,11.46,2,285,0,9.75,294.75,0
536,1.48,1,52.5,16,14,82.5,0
938,2.88,1,86.25,18,6.45,110.7,0
598,2.8,1,67.5,0,13.5,81,0
558,2.49,1,60,13,6.2,79.2,0
994,2.93,1,86.25,0,6,92.25,0
1085,6.42,1,116.25,0,6,122.25,0
1275,3.89,1,105,26,26.95,157.95,1
477,2.51,1,60,11,13.75,84.75,0
268,0.97,1,37.5,0,9.75,47.25,0
735,3.43,1,75,0,9.75,84.75,0
543,2.66,1,63.75,18,26.7,108.45,1
3768,18.67,2,330,0,6,336,0
952,4.68,1,90,0,26.625,116.625,1
630,2.54,1,63.75,0,6,69.75,0
1321,7.26,1,135,0,13.5,148.5,0
837,2.53,1,78.75,17,5.95,101.7,0
261,1.27,5,37.5,9,5.7,52.2,0
200,1.37,1,33.75,0,13.5,47.25,0
879,3.8,1,86.25,0,13.5,99.75,0
1152,5.54,3,112.5,24,5.7,142.2,0
660,2.82,1,63.75,15,9.45,88.2,0
251,1.21,1,37.5,10,13.7,61.2,0
2194,16.74,3,251.25,38,5.5,294.75,0
319,1.71,1,45,15,6,66,0
796,3.54,1,78.75,0,9.75,88.5,0
370,2.67,1,56.25,0,9.75,66,0
518,3.62,1,67.5,19,26.45,112.95,1
434,2.7,1,56.25,12,6.45,74.7,0
840,3.94,1,86.25,18,6.45,110.7,0
560,1.46,1,56.25,16,5.6,77.85,0
516,4.44,2,78.75,0,6,84.75,0
3135,9.59,1,240,0,34.125,274.125,1
1296,5.58,1,123.75,0,6,129.75,0
638,3.59,1,71.25,20,10,101.25,0
243,1.51,1,41.25,12,5.85,59.1,0
646,3.15,1,75,0,30.375,105.375,1
150,0.56,1,26.25,0,6,32.25,0
624,3.06,6,67.5,25,34.55,127.05,1
654,2.25,1,60,13,6.2,79.2,0
603,2.41,1,63.75,18,26.7,108.45,1
3645,15.51,2,322.5,0,6,328.5,0
701,2.08,1,67.5,11,6.25,84.75,0
366,1.24,1,41.25,11,13.45,65.7,0
166,0.8,1,30,9,5.625,44.625,0
959,6.84,1,116.25,0,6,122.25,0
718,5.75,5,93.75,25,5.9,124.65,0
648,2.95,6,71.25,19,6.35,96.6,0
2351,8.77,1,198.75,0,26.625,225.375,1
978,2.85,1,86.25,0,6,92.25,0
1156,2.9,1,101.25,0,6,107.25,0
375,2.04,1,48.75,8,6.325,63.075,0
365,1.29,2,45,20,10,75,0
1161,5.7,1,112.5,24,10.2,146.7,0
1602,9.37,1,161.25,0,9.75,171,0
7263,27.57,1,551.25,0,6,557.25,0
1048,4.39,1,97.5,0,6,103.5,0
1094,3.81,3,97.5,25,26.45,148.95,1
1271,6.36,1,123.75,0,26.625,150.375,1
311,2.22,5,45,8,5.65,58.65,0
299,0.79,1,37.5,9,5.7,52.2,0
461,2.09,1,52.5,20,26.125,98.625,1
523,1.71,1,56.25,12,6.45,74.7,0
768,2.45,1,71.25,0,26.625,97.875,1
1557,3.17,5,127.5,0,9.75,137.25,0
864,6.6,1,105,27,30.45,162.45,1
960,7.56,1,123.75,0,26.625,150.375,1
1558,10.91,1,187.5,0,55.125,242.625,0
1061,3.7,1,93.75,15,26.625,135.375,1
492,7.72,1,108.75,8,26.125,142.875,1
264,1.72,5,41.25,0,6,47.25,0
440,2.06,1,52.5,12,5.7,70.2,0
1178,5.39,1,112.5,24,5.7,142.2,0
1559,9.17,1,157.5,38,29.95,225.45,1
1620,10.69,1,172.5,41,29.95,243.45,1
812,3.07,3,78.75,23,33.7,135.45,1
426,2.59,1,52.5,0,6,58.5,0
508,1.01,1,45,15,6.3,66.3,0
723,2.33,1,67.5,15,10.2,92.7,0
544,2.03,1,56.25,14,13.45,83.7,0
484,1.83,1,52.5,0,13.5,66,0
499,1.9,1,56.25,0,6,62.25,0
258,0.85,1,37.5,0,9.75,47.25,0
763,2.49,2,71.25,0,6,77.25,0
977,3.86,1,93.75,19,26.375,139.125,1
691,1.74,1,60,0,6,66,0
902,3.33,1,86.25,20,13.45,119.7,0
5,0.02,1,18.75,0,6,24.75,0
85092,1.9,1,63.75,0,26.625,90.375,1
859,4.06,1,86.25,0,6,92.25,0
467,1.51,1,52.5,0,6.075,58.575,0
1191,5.95,2,116.25,0,13.5,129.75,0
166,1.01,1,33.75,0,9.75,43.5,0
11,0.02,1,18.75,22,14,54.75,0
562,2.25,1,60,0,6,66,0
1980,16.58,1,258.75,0,6,264.75,0
364,1.58,1,45,0,6,51,0
252,0.98,5,33.75,0,13.5,47.25,0
926,4.41,1,86.25,0,9.75,96,0
236,1.03,1,33.75,0,9.75,43.5,0
293,1.48,1,41.25,8,9.25,58.5,0
723,6.98,1,105,0,6,111,0
1072,6.29,1,112.5,28,26.45,166.95,1
747,5.65,2,101.25,26,30.7,157.95,1
458,2.12,1,48.75,11,5.95,65.7,0
1090,7.4,1,127.5,0,6,133.5,0
663,6.04,1,283.125,38,22.375,343.5,1
45,0.16,1,18.75,0,6,24.75,0
1057,6.6,1,120,0,9.75,129.75,0
568,9.35,5,131.25,35,10,176.25,0
1676,12.89,1,195,45,30.45,270.45,1
924,4.28,1,93.75,0,13.5,107.25,0
316,1.26,3,41.25,0,13.5,54.75,0
678,3.33,1,71.25,15,6.45,92.7,0
1996,10.14,1,187.5,52,27.125,266.625,1
578,3.86,1,71.25,26,34.45,131.7,1
495,1.9,1,52.5,13,13.7,79.2,0
548,6.36,2,97.5,0,6,103.5,0
1175,10.77,1,165,60,33.825,258.825,1
2170,11.75,6,191.25,0,26.625,217.875,1
768,3.85,1,127.5,26,2.2,155.7,0
1114,3.88,1,97.5,0,6,103.5,0
1180,3.54,2,97.5,0,13.5,111,0
547,2.48,1,60,8,5.5,73.5,0
1595,7.4,1,150,54,30.375,234.375,1
373,1.29,1,45,12,13.125,70.125,0
1607,6.47,1,146.25,0,9.75,156,0
839,4.59,1,90,25,9.65,124.65,0
2138,16.74,1,255,0,6,261,0
216,0.55,2,33.75,0,13.5,47.25,0
333,1.29,2,41.25,0,6,47.25,0
398,1.27,1,45,8,13,66,0
405,4.78,1,75,0,13.5,88.5,0
316,1.72,1,45,0,6,51,0
775,3.65,1,78.75,0,6,84.75,0
711,4.44,2,300,60,2.7,362.7,0
755,8.88,1,127.5,1,5.6,134.1,0
1691,11.67,1,191.25,22,55.625,268.875,0
466,1.64,2,48.75,16,27.725,92.475,0
825,3.6,1,82.5,22,6.125,110.625,0
5,1.4,1,115.5,24,1.8,141.3,0
1065,5.75,1,105,0,26.625,131.625,1
279,1.5,2,37.5,0,9.75,47.25,0
415,2.11,1,48.75,0,13.5,62.25,0
2245,16.87,2,262.5,0,6,268.5,0
2527,27.36,1,371.25,85,55.4,511.65,0
964,5.29,1,105,0,34.125,139.125,1
337,1.93,1,48.75,75,26.625,150.375,1
958,4.09,1,78.75,0,6,84.75,0
699,1.77,1,67.5,15,5.7,88.2,0
1316,7.89,1,142.5,0,26.625,169.125,1
579,2.37,1,60,13,6.2,79.2,0
768,3.59,1,78.75,22,9.875,110.625,0
1114,2.69,1,93.75,20,5.95,119.7,0
1670,6.12,2,138.75,0,26.625,165.375,1
2087,8.87,5,180,43,33.95,256.95,1
1293,5.18,1,116.25,0,13.5,129.75,0
508,4.06,1,71.25,16,9.95,97.2,0
154,0.55,1,26.25,0,13.5,39.75,0
1802,8.67,1,153.75,0,26.625,180.375,1
899,4.83,1,93.75,0,9.75,103.5,0
650,2.66,1,67.5,18,6.375,91.875,0
1880,10.75,2,375,30,22.875,427.875,1
2516,6.42,1,191.25,0,34.125,225.375,1
157,0.77,1,30,10,9.65,49.65,0
896,5.89,1,108.75,24,13.95,146.7,0
1286,6.44,1,123.75,26,5.95,155.7,0
1123,9.14,1,150,61,55.625,266.625,0
862,3.41,1,86.25,15,6,107.25,0
395,1.87,2,48.75,11,5.95,65.7,0
661,3.2,1,75,0,6,81,0
392,2.25,1,52.5,0,6,58.5,0
259,1.13,1,37.5,15,9.75,62.25,0
609,2.49,1,60,13,6.2,79.2,0
651,2.33,2,105,0,2.25,107.25,0
798,1.85,1,71.25,0,13.575,84.825,0
4468,37.98,1,566.25,207,124.875,898.125,1
624,3.25,2,71.25,0,6,77.25,0
255,1.71,1,41.25,8,13.75,63,0
709,3.96,1,78.75,0,13.5,92.25,0
459,0.87,2,48.75,0,6,54.75,0
894,6.24,1,108.75,15,9.75,133.5,0
1822,13.97,1,210,0,62.625,272.625,0
1287,6.6,1,127.5,0,6,133.5,0
775,3.22,1,75,0,9.75,84.75,0
1155,6.89,1,127.5,27,10.2,164.7,0
287,1.61,1,41.25,0,26.625,67.875,1
327,1.96,1,45,12,13.2,70.2,0
748,3.89,2,78.75,18,9.45,106.2,0
890,1.45,2,75,0,6,81,0
266,1.3,1,37.5,0,9.75,47.25,0
830,2.82,1,78.75,32,26.275,137.025,1
1200,4.97,1,112.5,8,26.125,146.625,1
1070,7.89,1,135,32,26.95,193.95,1
84973,6.15,2,112.5,24,5.7,142.2,0
1528,10.67,1,172.5,0,6,178.5,0
1738,7.56,1,150,31,6.125,187.125,0
1691,9.12,1,165,34,6.2,205.2,0
1005,4.55,1,97.5,0,6,103.5,0
529,2.7,1,60,0,13.5,73.5,0
472,1.27,1,48.75,16,6.425,71.175,0
701,3.38,1,75,0,26.625,101.625,1
679,3.27,1,71.25,16,9.95,97.2,0
1027,2.75,6,90,0,26.625,116.625,1
616,2.82,1,67.5,0,30.375,97.875,1
1360,6.66,2,135,0,6,141,0
756,3.01,1,75,0,6,81,0
416,2.57,1,56.25,0,6,62.25,0
565,2.72,2,67.5,0,6,73.5,0
495,2.24,1,56.25,21,26.325,103.575,1
782,2.03,1,71.25,0,6,77.25,0
696,10.86,1,146.25,50,55.45,251.7,0
644,2.8,1,63.75,14,5.95,83.7,0
524,3.38,1,67.5,15,5.625,88.125,0
1160,11.43,1,172.5,41,34.375,247.875,1
1119,3.73,1,97.5,19,26.225,142.725,1
353,1.48,1,45,0,6,51,0
820,2.82,1,75,15,26.85,116.85,1
296,1.42,1,37.5,10,13.7,61.2,0
404,1.37,1,48.75,11,5.95,65.7,0
593,2.77,1,63.75,8,33.625,105.375,1
620,2.41,1,67.5,4,5.675,77.175,0
1383,3.36,1,108.75,0,6,114.75,0
584,1.93,0,60,0,34.125,94.125,1
748,4.55,1,86.25,0,6,92.25,0
306,1.29,1,37.5,0,13.5,51,0
619,2.7,1,67.5,8,5.5,81,0
453,1.83,1,52.5,8,26.575,87.075,1
318,1.37,3,41.25,14,13.15,68.4,0
721,2,1,63.75,8,5.5,77.25,0
1136,3.99,6,101.25,19,26.825,147.075,1
603,2.51,1,63.75,0,34.125,97.875,1
420,2.35,1,56.25,15,9.75,81,0
315,1.29,1,41.25,10,9.875,61.125,0
182,1.08,1,33.75,0,6,39.75,0
677,1.88,1,60,11,6.25,77.25,0
730,2.3,1,60,0,6,66,0
762,2.57,1,71.25,17,13.45,101.7,0
762,2.35,2,67.5,24,13.8,105.3,0
392,1.59,1,45,0,13.5,58.5,0
524,1.67,1,56.25,16,5.6,77.85,0
4344,2.91,1,60,8,5.5,73.5,0
601,1.92,1,60,17,26.95,103.95,1
2980,14.03,1,262.5,59,29.95,351.45,1
430,1.3,1,48.75,16,6.425,71.175,0
692,2.41,1,67.5,37,5.75,110.25,0
1041,4.02,1,97.5,25,26.375,148.875,1
439,1.46,1,48.75,0,13.5,62.25,0
800,2.74,1,75,0,6,81,0
232,1.45,1,37.5,0,9.75,47.25,0
2700,30.22,2,510,45,51.375,606.375,0
387,2.19,1,48.75,0,6,54.75,0
1213,4.65,1,112.5,0,6,118.5,0
200,1.93,1,41.25,0,13.5,54.75,0
1288,5.79,1,120,0,6,126,0
243,1.66,1,41.25,8,9.25,58.5,0
274,2.04,1,45,14,9.4,68.4,0
934,4.22,1,90,26,26.5,142.5,1
427,2.67,1,56.25,0,9.75,66,0
1065,4.18,1,101.25,15,6,122.25,0
406,2.48,1,52.5,12,5.7,70.2,0
1337,11.52,1,180,41,26.95,247.95,1
1895,5.86,1,153.75,0,6,159.75,0
341,1.66,1,45,0,9.75,54.75,0
563,2.86,1,67.5,0,26.625,94.125,1
549,1.85,1,56.25,16,5.6,77.85,0
516,6.24,1,97.5,11,6.25,114.75,0
528,1.96,1,56.25,15,34.125,105.375,1
419,1.92,1,48.75,16,6.425,71.175,0
1548,4.02,0,123.75,0,26.625,150.375,1
334,2.29,1,48.75,12,13.95,74.7,0
552,2.45,1,56.25,13,5.75,75,0
739,7.03,1,108.75,24,9.45,142.2,0
1893,7.03,2,157.5,0,13.5,171,0
563,2.74,1,67.5,19,30.125,116.625,1
989,2.59,1,86.25,20,13.45,119.7,0
538,3.01,1,63.75,14,5.95,83.7,0
295,1.06,1,37.5,13,6.05,56.55,0
532,2.01,1,56.25,0,13.5,69.75,0
1882,13.57,2,221.25,55,55.4,331.65,0
1017,4.25,1,97.5,22,13.7,133.2,0
583,4.38,1,78.75,0,9.75,88.5,0
327,1.61,2,45,10,6.125,61.125,0
1852,16.09,1,236.25,52,27.125,315.375,1
595,2.2,1,60,0,13.5,73.5,0
1146,6.58,1,120,44,26.575,190.575,1
2200,13.58,1,225,0,6,231,0
451,2.16,1,52.5,13,13.7,79.2,0
761,2.66,1,71.25,19,6.35,96.6,0
1087,8.27,1,131.25,28,9.95,169.2,0
150,1.03,1,30,9,6,45,0
1787,17.51,1,236.25,188,13,437.25,0
716,2.74,1,71.25,0,6,77.25,0
884,3.36,3,78.75,0,26.625,105.375,1
4863,4.73,2,326.25,0,9.75,336,0
314,2.19,1,48.75,0,9.75,58.5,0
917,3.27,1,86.25,0,26.625,112.875,1
869,3.86,1,90,22,27.125,139.125,1
749,4.44,1,82.5,0,26.625,109.125,1
524,1.92,1,56.25,12,6.45,74.7,0
490,1.87,1,56.25,14,13.45,83.7,0
1121,6.73,1,116.25,0,9.75,126,0
471,2.9,0,60,21,9.375,90.375,0
1658,11.07,1,187.5,48,6.375,241.875,0
671,4.04,1,75,17,9.7,101.7,0
777,3.32,1,78.75,23,33.7,135.45,1
755,3.43,1,78.75,0,13.5,92.25,0
718,2.78,1,75,18,13.2,106.2,0
838,7.23,1,108.75,0,30.375,139.125,1
1489,4.02,1,120,0,6,126,0
440,2.41,1,56.25,0,6,62.25,0
390,1.98,1,48.75,11,5.95,65.7,0
536,2.72,1,63.75,19,30.2,112.95,1
265,0.98,2,37.5,9,5.7,52.2,0
254,1.05,1,37.5,9,5.7,52.2,0
468,2.12,1,52.5,0,6,58.5,0
379,1.48,1,45,8,26.125,79.125,1
641,4.54,1,86.25,0,30.375,116.625,1
441,7,2,187.5,38,2.2,227.7,0
85740,0.79,1,52.5,0,2.25,54.75,0
461,2.91,1,63.75,21,5.925,90.675,0
272,1,1,37.5,9,5.7,52.2,0
1656,11.39,1,168.75,30,26.25,225,1
290,0.9,1,37.5,13,6.05,56.55,0
1563,18.36,1,255,0,55.125,310.125,0
1277,12.81,1,187.5,49,54.65,291.15,0
385,2.14,1,48.75,0,13.5,62.25,0
208,1.61,1,37.5,13,5.75,56.25,0
2661,12.96,1,251.25,0,13.5,264.75,0
508,2.54,1,60,0,6,66,0
791,4.99,1,90,23,26.875,139.875,1
1457,11.59,4,180,22,27.125,229.125,1
3175,12.96,1,273.75,0,9.75,283.5,0
592,3.46,1,67.5,24,6.375,97.875,0
263,1.96,1,41.25,0,9.75,51,0
56,0.95,1,112.5,0,2.25,114.75,0
699,11.57,1,153.75,15,6,174.75,0
1853,26.34,1,480,0,2.25,482.25,0
149,1.06,1,30,8,9.25,47.25,0
333,1.32,1,41.25,0,6,47.25,0
1825,18.78,1,262.5,65,62.65,390.15,0
369,1.56,1,45,13,5.75,63.75,0
565,1.93,1,56.25,12,6.375,74.625,0
359,2.32,5,48.75,11,5.95,65.7,0
1755,6.55,1,142.5,34,26.45,202.95,1
202,0.89,1,33.75,0,6,39.75,0
553,6.26,1,93.75,0,9.75,103.5,0
2058,30.42,1,390,89,55.15,534.15,0
922,3.22,1,82.5,19,13.7,115.2,0
384,1.37,1,48.75,0,13.5,62.25,0
1171,6.13,1,116.25,29,30.7,175.95,1
1413,8.79,1,153.75,0,9.75,163.5,0
455,2.22,1,56.25,12,6.45,74.7,0
246,1.08,1,33.75,8,5.95,47.7,0
320,1.61,1,41.25,0,9.75,51,0
1308,4.65,1,116.25,31,5.6,152.85,0
1756,7.71,5,165,35,30.55,230.55,1
823,3.14,1,78.75,18,13.95,110.7,0
502,3.22,1,63.75,15,9.75,88.5,0
1557,12.42,1,191.25,59,105.7,355.95,0
1269,5.44,1,120,25,6.2,151.2,0
1102,4.83,1,101.25,26,26.2,153.45,1
1691,6.28,2,153.75,0,9.75,163.5,0
546,1.67,1,56.25,19,5.675,80.925,0
338,0.9,1,41.25,0,6,47.25,0
755,3.03,1,75,15,26.85,116.85,1
234,1.22,1,37.5,8,13,58.5,0
1126,6.21,1,116.25,0,9.75,126,0
520,2.86,1,60,13,6.2,79.2,0
985,4.51,1,93.75,30,26.7,150.45,1
497,2.64,1,60,0,6,66,0
1978,7.61,1,172.5,0,6,178.5,0
889,5.49,1,101.25,0,9.75,111,0
759,5.89,1,101.25,27,5.85,134.1,0
889,5.47,1,105,0,6,111,0
218,1.64,1,37.5,5,10,52.5,0
3053,12.41,1,247.5,56,34.45,337.95,1
1067,3.69,1,93.75,24,26.7,144.45,1
630,3.7,1,75,0,6,81,0
126,1.05,1,30,0,9.75,39.75,0
659,3.64,1,71.25,24,27.075,122.325,1
150,0.89,5,30,0,9.75,39.75,0
638,2.99,1,71.25,0,6,77.25,0
496,2.8,1,60,13,6.2,79.2,0
1044,4.8,2,101.25,0,6,107.25,0
1068,3.06,1,97.5,0,6,103.5,0
1231,6.89,1,123.75,0,6,129.75,0
1225,5.84,1,123.75,26,5.95,155.7,0
516,1.93,1,52.5,0,13.5,66,0
21,0.16,1,18.75,0,6,24.75,0
640,6.12,1,105,30,43.125,178.125,0
352,1.13,1,41.25,75,6,122.25,0
601,2.69,2,67.5,0,9.75,77.25,0
1154,4.99,2,112.5,28,26.375,166.875,1
606,2.49,2,63.75,14,5.95,83.7,0
576,2.45,1,63.75,0,13.5,77.25,0
2837,19.75,2,318.75,81,6.15,405.9,0
887,3.64,1,86.25,0,6,92.25,0
964,4.25,1,93.75,21,13.95,128.7,0
541,1.61,1,56.25,0,6,62.25,0
1771,9.37,5,180,41,26.95,247.95,1
1099,9.21,1,142.5,0,6,148.5,0
324,1.4,1,41.25,0,6,47.25,0
1272,3.96,1,108.75,0,6,114.75,0
464,1.66,1,48.75,0,13.5,62.25,0
1099,5.05,2,105,26,26.95,157.95,1
402,2.41,1,52.5,20,13.3,85.8,0
2185,29.13,1,386.25,0,9.75,396,0
1159,11.65,1,176.25,15,6,197.25,0
332,2.2,1,48.75,8,6.25,63,0
1392,19.51,1,258.75,64,58.4,381.15,0
1263,10.8,1,172.5,8,26.125,206.625,1
309,0.45,1,37.5,0,6,43.5,0
1180,2.83,1,97.5,31,26.675,155.175,1
454,2.49,1,56.25,0,9.75,66,0
1082,5.39,1,105,26,26.95,157.95,1
528,6.2,1,93.75,25,5.9,124.65,0
1191,4.2,1,108.75,24,27,159.75,1
1710,7.48,1,153.75,15,33.75,202.5,1
2180,15.14,1,251.25,0,34.125,285.375,1
471,1.93,1,52.5,13,34.1,99.6,1
871,5.07,2,97.5,0,26.625,124.125,1
770,9.99,5,142.5,0,6,148.5,0
2195,5.21,1,172.5,0,13.5,186,0
930,9.7,1,142.5,0,9.75,152.25,0
1708,14.52,1,213.75,0,6,219.75,0
1270,5.15,1,120,29,26.875,175.875,1
433,1.82,2,48.75,12,9.45,70.2,0
415,1.82,1,48.75,0,9.75,58.5,0
1951,8.82,2,300,0,22.875,322.875,1
480,2.72,5,56.25,0,6,62.25,0
728,11.18,2,157.5,0,9.75,167.25,0
1587,11.59,1,183.75,0,26.625,210.375,1
432,1.61,1,48.75,0,6,54.75,0
2030,7.92,1,161.25,0,13.5,174.75,0
532,1.79,1,56.25,16,5.6,77.85,0
291,1.13,1,37.5,15,9.75,62.25,0
709,3.22,1,75,0,26.625,101.625,1
449,1.74,5,48.75,0,13.5,62.25,0
943,4.3,1,93.75,0,13.5,107.25,0
293,1.16,1,37.5,0,6,43.5,0
316,1.82,1,45,18,13.05,76.05,0
62,0.16,1,22.5,0,6,28.5,0
559,3.17,1,67.5,0,6,73.5,0
411,1.45,1,48.75,0,13.5,62.25,0
1240,17.45,1,337.5,0,2.25,339.75,0
1244,6.52,1,120,75,26.625,221.625,1
607,5.63,2,93.75,24,26.625,144.375,1
735,3.38,1,78.75,0,6,84.75,0
666,2.8,1,71.25,0,6,77.25,0
456,2,1,52.5,0,6,58.5,0
1066,6.07,1,112.5,24,5.7,142.2,0
435,1.93,1,52.5,13,13.625,79.125,0
1808,6.87,2,157.5,48,34.05,239.55,1
492,3.46,1,63.75,0,13.5,77.25,0
907,4.12,1,93.75,0,13.5,107.25,0
369,1.85,1,48.75,0,6,54.75,0
140,0.97,2,30,9,13.2,52.2,0
1380,6.6,1,131.25,32,26.125,189.375,1
601,2.32,1,63.75,17,6.4,87.15,0
539,2.7,1,60,14,9.7,83.7,0
51,0.39,1,22.5,0,13.5,36,0
4462,18.86,1,375,0,6,381,0
1485,5.95,1,127.5,31,26.45,184.95,1
1252,13.81,1,195,15,9.75,219.75,0
1151,5.15,1,108.75,24,13.875,146.625,0
655,2.98,1,71.25,15,26.625,112.875,1
363,1.9,1,48.75,14,5.65,68.4,0
1089,8.85,1,150,44,26.5,220.5,1
1445,8.72,1,153.75,0,6,159.75,0
746,2.83,1,75,20,26.95,121.95,1
715,2.74,1,71.25,0,6,77.25,0
433,1.95,1,48.75,0,6,54.75,0
1084,5.04,1,108.75,24,13.95,146.7,0
644,2.57,1,63.75,0,6,69.75,0
19,0.29,1,75,0,2.475,77.475,0
1099,4.12,1,101.25,0,6,107.25,0
1060,9.48,1,153.75,0,26.625,180.375,1
388,2.01,1,48.75,6,13.725,68.475,0
746,4.23,1,86.25,0,6,92.25,0
1469,6.29,5,131.25,39,27.075,197.325,1
840,2.53,5,78.75,21,26.7,126.45,1
2158,12.07,1,210,47,26.875,283.875,1
546,3.91,1,75,0,26.625,101.625,1
415,1.61,1,48.75,0,6,54.75,0
1485,14.73,5,210,0,6,216,0
467,2.08,1,52.5,22,6.5,81,0
936,3.33,5,86.25,0,9.75,96,0
465,3.49,2,63.75,0,6,69.75,0
725,7.24,1,112.5,42,26.25,180.75,1
587,2.8,1,63.75,14,5.95,83.7,0
555,2.57,1,60,0,6,66,0
616,3.15,1,71.25,20,26.2,117.45,1
925,3.7,1,86.25,28,26.825,141.075,1
802,3.69,1,78.75,17,5.95,101.7,0
973,4.33,1,93.75,21,9.45,124.2,0
823,4.55,1,90,23,26.95,139.95,1
494,2.09,1,56.25,16,5.6,77.85,0
937,11.64,1,165,57,27.075,249.075,1
856,2.75,6,78.75,0,6,84.75,0
1032,5.02,1,105,13,6.125,124.125,0
387,2,1,48.75,0,6,54.75,0
826,7.26,1,116.25,25,9.95,151.2,0
610,3.33,1,75,0,6,81,0
843,4.18,1,86.25,22,27.125,135.375,1
422,1.8,1,48.75,0,6,54.75,0
1230,4.46,1,105,0,6,111,0
665,3.54,1,75,20,33.775,128.775,1
1050,5.75,1,108.75,31,13.1,152.85,0
764,2.45,1,67.5,0,13.5,81,0
986,11.14,1,161.25,8,54.625,223.875,0
1411,4.46,1,120,27,13.2,160.2,0
1433,7.1,6,135,32,26.95,193.95,1
288,1.92,1,45,15,9.75,69.75,0
84860,1.43,1,52.5,18,5.55,76.05,0
1169,6.31,3,120,0,6,126,0
441,2.11,1,52.5,12,5.7,70.2,0
814,4.55,1,90,26,13.375,129.375,0
377,1.45,1,45,10,6.2,61.2,0
670,2.49,1,67.5,38,33.625,139.125,1
316,1.67,1,90,0,2.25,92.25,0
345,1.03,1,41.25,11,13.45,65.7,0
944,2.9,1,75,0,2.25,77.25,0
514,2.35,1,56.25,0,6,62.25,0
277,2.04,1,45,12,13.2,70.2,0
1667,12.44,1,198.75,22,27.125,247.875,1
1005,5.78,1,108.75,27,26.7,162.45,1
1859,5.47,1,153.75,36,26.7,216.45,1
373,1.9,2,45,15,6.3,66.3,0
1853,9.67,1,168.75,0,13.5,182.25,0
1256,4.59,1,112.5,15,13.5,141,0
847,2.72,1,78.75,17,5.95,101.7,0
1447,17.62,1,240,75,9.675,324.675,0
467,2.64,1,60,8,9.25,77.25,0
1284,6.55,1,127.5,27,10.2,164.7,0
230,1.21,1,37.5,9,5.7,52.2,0
393,1.85,1,45,15,6.3,66.3,0
855,4.44,1,86.25,23,26.2,135.45,1
338,1.54,1,41.25,0,9.75,51,0
304,2.32,1,75,8,1.75,84.75,0
1058,3.22,1,93.75,0,13.5,107.25,0
978,3.65,5,90,0,6,96,0
1135,4.31,1,105,38,13,156,0
475,2.03,1,56.25,12,6.45,74.7,0
519,2.12,1,56.25,9,6.3,71.55,0
887,4.47,1,93.75,8,26.125,127.875,1
731,5.09,1,90,24,6,120,0
491,3.56,1,67.5,0,6,73.5,0
181,0.9,1,30,9,6,45,0
959,13.87,1,187.5,0,6,193.5,0
1024,7.89,1,120,29,26.875,175.875,1
787,3.96,2,82.5,22,26.45,130.95,1
1114,11.27,1,161.25,43,55.25,259.5,0
1046,3.54,1,90,0,13.5,103.5,0
741,3.73,1,82.5,15,26.625,124.125,1
715,2.04,1,67.5,0,6,73.5,0
3446,27.07,1,393.75,22,55.625,471.375,0
1190,5.41,1,116.25,45,34.275,195.525,1
843,8.24,1,127.5,27,10.2,164.7,0
738,2.56,1,71.25,15,6.45,92.7,0
314,1.45,1,45,20,33.925,98.925,1
681,2.27,1,63.75,0,6,69.75,0
819,4.35,1,86.25,0,6,92.25,0
2190,6.32,1,172.5,0,6,178.5,0
1225,11.1,1,176.25,42,34.125,252.375,1
744,2.66,1,75,8,5.5,88.5,0
252,1.29,1,37.5,0,6,43.5,0
532,1.82,1,56.25,0,6,62.25,0
385,2.62,1,56.25,13,9.95,79.2,0
872,3.85,1,90,4,33.875,127.875,1
1344,6.61,6,131.25,0,6,137.25,0
929,4.52,1,97.5,15,6,118.5,0
394,1.4,1,45,0,13.5,58.5,0
1046,2.78,2,75,0,2.25,77.25,0
3524,20.58,1,341.25,0,13.5,354.75,0
684,8.51,1,127.5,47,28.3,202.8,0
913,5.52,1,101.25,26,26.2,153.45,1
116,0.16,1,22.5,0,6,28.5,0
865,2.93,1,78.75,0,6,84.75,0
1321,6.61,1,127.5,0,6,133.5,0
616,2.9,1,67.5,16,13.7,97.2,0
583,2.24,1,60,8,33.625,101.625,1
686,2.62,5,67.5,0,9.75,77.25,0
435,1.96,1,52.5,0,6,58.5,0
683,3.17,3,71.25,20,10,101.25,0
445,2.16,1,52.5,9,5.775,67.275,0
739,3.2,1,75,0,6,81,0
1563,10.44,1,183.75,42,26.7,252.45,1
1774,9.25,1,180,0,55.125,235.125,0
1396,8.21,1,142.5,0,26.625,169.125,1
1058,3.7,1,93.75,0,13.5,107.25,0
311,1.42,1,41.25,0,6,47.25,0
659,3.25,1,67.5,0,26.625,94.125,1
602,2.82,1,67.5,16,13.7,97.2,0
473,1.59,1,52.5,0,6,58.5,0
365,1.67,1,45,16,33.95,94.95,1
569,2.09,1,56.25,0,13.5,69.75,0
1506,5.36,1,127.5,0,26.625,154.125,1
676,6.82,1,112.5,24,5.7,142.2,0
2012,7.24,1,165,0,6,171,0
518,2.03,1,56.25,0,6,62.25,0
1015,4.83,1,97.5,0,6,103.5,0
885,5.07,2,97.5,21,5.7,124.2,0
184,0.77,2,30,0,9.75,39.75,0
828,13.24,1,176.25,69,55.575,300.825,0
1227,6.94,2,123.75,0,26.625,150.375,1
4339,8.19,2,303.75,0,9.75,313.5,0
815,7.95,1,127.5,0,26.625,154.125,1
633,4.01,1,78.75,0,6,84.75,0
809,3.99,1,86.25,20,13.45,119.7,0
529,2.03,1,60,0,9.75,69.75,0
416,3.17,1,63.75,0,6,69.75,0
681,4.39,1,82.5,0,6,88.5,0
264,1.3,1,37.5,0,6,43.5,0
617,3.59,1,71.25,0,9.75,81,0
1436,18.85,2,255,0,6,261,0
2438,2.86,1,180,0,13.5,193.5,0
4016,12.92,1,326.25,0,13.5,339.75,0
1339,4.89,1,112.5,15,6,133.5,0
741,2.37,1,71.25,15,6.45,92.7,0
560,1.83,1,56.25,0,6,62.25,0
2,2.9,1,18.75,0,6,24.75,0
1506,5.15,1,127.5,0,26.625,154.125,1
343,1.61,1,45,11,9.7,65.7,0
490,3.01,1,63.75,0,9.75,73.5,0
1213,4.73,1,112.5,0,6,118.5,0
1833,5.79,2,150,0,26.625,176.625,1
1600,5.15,1,135,30,13.125,178.125,0
714,2.83,6,71.25,15,6.45,92.7,0
1117,5.79,1,112.5,25,13.625,151.125,0
1074,3.14,1,90,19,6.2,115.2,0
595,1.74,1,60,0,6,66,0
476,2.49,1,56.25,0,6,62.25,0
318,1.58,1,41.25,0,6,47.25,0
659,4.06,1,78.75,8,26.125,112.875,1
3266,30.14,1,408.75,83,5.95,497.7,0
221,1.66,1,37.5,0,6,43.5,0
563,3.01,1,67.5,0,9.75,77.25,0
1888,7.24,1,161.25,38,26.2,225.45,1
958,6.49,5,112.5,0,34.125,146.625,1
397,2.03,1,52.5,0,30.375,82.875,1
531,2.32,4,60,0,6,66,0
1827,11.14,1,187.5,44,34.45,265.95,1
433,3.86,1,63.75,28,30.5,122.25,1
671,1.42,1,60,6,6,72,0
15,2.9,1,18.75,0,6,24.75,0
392,1.32,1,45,0,6,51,0
2225,10.99,1,217.5,38,5.5,261,0
357,1.98,1,45,8,26.125,79.125,1
864,2.78,1,75,0,13.5,88.5,0
486,2.09,3,52.5,0,6,58.5,0
698,5.13,1,90,0,6,96,0
687,3.59,1,78.75,0,9.75,88.5,0
742,4.1,1,86.25,23,30.7,139.95,1
795,2.41,1,71.25,19,6.35,96.6,0
955,13.78,1,180,47,10.15,237.15,0
1076,5.04,1,108.75,23,5.95,137.7,0
1181,12.15,1,176.25,41,26.2,243.45,1
1570,3.59,1,127.5,31,26.45,184.95,1
859,3.51,1,82.5,22,26.45,130.95,1
2112,16.58,1,243.75,30,26.25,300,1
934,3.22,1,86.25,20,13.375,119.625,0
278,1.06,1,37.5,0,6,43.5,0
264,0.97,1,37.5,0,6,43.5,0
1493,5.21,1,131.25,15,34.125,180.375,1
1024,9.32,1,142.5,19,30.125,191.625,1
1271,5.38,2,116.25,0,6,122.25,0
702,3.73,1,75,21,30.45,126.45,1
1187,13.15,1,195,40,6.2,241.2,0
416,3.11,1,56.25,9,9.9,75.15,0
483,3.06,1,60,11,30.625,101.625,1
450,1.4,1,48.75,0,6,54.75,0
435,1.27,6,48.75,0,6,54.75,0
370,2.16,1,48.75,0,9.75,58.5,0
2587,8.92,1,202.5,22,27.125,251.625,1
279,1.54,1,41.25,0,6,47.25,0
1276,9.82,1,165,0,55.125,220.125,0
637,4.75,1,82.5,0,6,88.5,0
886,6.6,1,112.5,29,34.375,175.875,1
1738,7.11,1,150,33,13.2,196.2,0
321,0.69,2,37.5,0,13.5,51,0
1224,7.16,2,131.25,22,27.125,180.375,1
288,1,1,37.5,0,9.75,47.25,0
612,2.09,1,63.75,13,9.5,86.25,0
1890,17.59,1,262.5,72,26.925,361.425,1
836,4.83,6,97.5,8,9.25,114.75,0
832,4.38,1,90,0,2.25,92.25,0
200,1.29,2,33.75,0,9.75,43.5,0
496,1.95,2,56.25,17,30.7,103.95,1
887,4.35,1,93.75,8,5.5,107.25,0
314,1.19,1,41.25,9,6.45,56.7,0
644,2.98,1,67.5,19,26.45,112.95,1
1520,10.86,1,180,38,33.625,251.625,1
144,0.42,6,26.25,20,6.25,52.5,0
187,0.68,1,30,15,9.75,54.75,0
440,1.93,2,52.5,20,26.125,98.625,1
1154,5.7,1,112.5,28,26.45,166.95,1
409,3.22,1,63.75,0,9.75,73.5,0
193,0.87,1,33.75,14,13.675,61.425,0
817,3.36,1,82.5,14,6.175,102.675,0
704,3.38,1,78.75,0,6,84.75,0
1403,4.78,1,116.25,30,34.2,180.45,1
3,0.02,1,69.75,0,2.25,72,0
335,1.45,1,41.25,0,13.5,54.75,0
423,1.51,1,48.75,11,5.95,65.7,0
761,4.73,1,150,0,2.25,152.25,0
187,0.72,6,30,8,13,51,0
1227,12.87,1,187.5,0,9.75,197.25,0
823,3.86,1,86.25,22,27.125,135.375,1
85999,5.41,2,262.5,0,2.25,264.75,0
505,2.12,1,56.25,14,13.45,83.7,0
484,1.92,1,52.5,19,9.425,80.925,0
318,2,1,45,0,13.5,58.5,0
993,6.13,1,112.5,28,26.45,166.95,1
1371,7.47,2,142.5,15,26.625,184.125,1
370,1.88,1,48.75,0,13.5,62.25,0
199,0.9,1,30,0,6,36,0
452,2.78,1,56.25,25,26.525,107.775,1
439,2.46,1,56.25,0,6,62.25,0
896,7.82,1,123.75,32,33.7,189.45,1
1333,6.81,1,127.5,0,13.5,141,0
904,3.14,1,82.5,18,5.7,106.2,0
1433,6.44,1,127.5,13,6.35,146.85,0
1147,11.14,1,161.25,22,10.25,193.5,0
1100,4.39,1,105,41,30.025,176.025,1
1426,6.76,1,135,0,30.375,165.375,1
1678,15.72,1,236.25,49,9.95,295.2,0
578,1.64,1,56.25,17,13.9,87.15,0
494,2.62,1,56.25,8,26.125,90.375,1
1810,4.12,1,142.5,0,6,148.5,0
504,3.49,1,67.5,15,10.2,92.7,0
236,0.95,1,33.75,12,5.925,51.675,0
13,1.29,1,18.75,0,6,24.75,0
1841,11.14,1,187.5,0,30.375,217.875,1
701,3.99,2,75,0,26.625,101.625,1
1420,5.84,1,127.5,40,34.55,202.05,1
179,0.97,1,33.75,12,5.925,51.675,0
132,0.9,1,30,0,6,36,0
125,0.53,1,26.25,7,5.6,38.85,0
371,2.25,1,52.5,0,9.75,62.25,0
508,2.09,1,52.5,0,34.125,86.625,1
694,1.43,1,60,0,6,66,0
1707,6.5,2,150,31,6.2,187.2,0
1428,10.43,1,180,46,6.5,232.5,0
1552,8.61,1,161.25,43,55.4,259.65,0
457,1.96,1,48.75,11,26.95,86.7,1
1059,5.04,1,108.75,15,30.375,154.125,1
933,3.01,1,86.25,0,13.5,99.75,0
2331,21.87,1,311.25,0,6,317.25,0
590,3.06,2,67.5,0,6,73.5,0
881,2.53,6,78.75,0,6,84.75,0
826,4.1,1,86.25,23,26.2,135.45,1
1099,12.84,1,615,0,2.25,617.25,0
2131,6.95,1,165,38,26.95,229.95,1
2395,14.02,1,247.5,0,6,253.5,0
496,1.92,1,56.25,14,13.45,83.7,0
228,0.71,1,33.75,0,9.75,43.5,0
276,1.32,1,41.25,13,9.5,63.75,0
626,2.35,2,60,0,9.75,69.75,0
631,1.5,1,60,0,13.5,73.5,0
373,1.21,1,45,0,26.625,71.625,1
598,2.16,1,60,0,6,66,0
773,2.41,1,71.25,13,5.75,90,0
96,1.06,1,30,0,9.75,39.75,0
1046,4.39,1,101.25,0,13.5,114.75,0
2402,11.8,1,225,0,13.5,238.5,0
637,1.63,1,60,17,26.95,103.95,1
999,2.82,1,86.25,23,6.1,115.35,0
1439,4.36,2,116.25,30,34.2,180.45,1
1130,4.96,1,108.75,27,26.7,162.45,1
487,1.38,1,48.75,0,6,54.75,0
1094,4.78,1,105,0,26.625,131.625,1
216,1.45,1,37.5,14,34.45,85.95,1
195,0.97,1,33.75,9,9.375,52.125,0
1001,4.17,1,93.75,20,5.95,119.7,0
1049,12.2,1,168.75,50,30.175,248.925,1
936,4.22,1,93.75,24,26.7,144.45,1
748,4.18,1,82.5,17,34.6,134.1,1
662,2.74,1,67.5,15,5.7,88.2,0
83458,3.17,1,75,5,34.6,114.6,1
752,4.39,1,90,0,9.75,99.75,0
450,2.48,1,56.25,18,34.2,108.45,1
1136,3.3,5,86.25,0,26.625,112.875,1
661,3.67,1,75,16,6.2,97.2,0
515,2.56,1,63.75,18,26.7,108.45,1
879,5.54,1,97.5,21,5.7,124.2,0
1099,3.99,1,101.25,0,13.5,114.75,0
770,6.6,3,105,33,26.25,164.25,1
702,3.38,1,75,0,6,81,0
897,3.91,1,90,0,2.25,92.25,0
761,3.01,1,75,0,6,81,0
974,4.01,1,97.5,0,6,103.5,0
734,2.7,1,71.25,0,6,77.25,0
795,8.61,1,131.25,0,26.625,157.875,1
1057,2.57,1,86.25,20,13.45,119.7,0
401,1.45,1,45,0,6,51,0
1102,4.51,1,105,13,26.825,144.825,1
873,9.03,1,135,0,6,141,0
544,1.83,1,56.25,0,13.5,69.75,0
478,3.41,1,63.75,22,9.8,95.55,0
565,1.87,1,56.25,0,6,62.25,0
525,2.59,1,60,17,10.15,87.15,0
472,2.53,1,56.25,21,13.425,90.675,0
471,1.13,1,48.75,0,6,54.75,0
240,2.12,1,41.25,10,9.95,61.2,0
758,1.59,1,67.5,16,13.7,97.2,0
351,1.29,1,45,0,6,51,0
1025,12.79,1,176.25,0,6,182.25,0
677,2.49,1,67.5,15,5.7,88.2,0
1945,4.67,2,150,44,26.5,220.5,1
512,2.54,1,56.25,0,13.5,69.75,0
1048,5.63,2,112.5,29,29.95,171.45,1
602,2.12,1,60,0,6,66,0
1458,5.63,1,131.25,0,26.625,157.875,1
319,1.14,1,41.25,0,6,47.25,0
504,2.86,1,63.75,4,6.125,73.875,0
960,12.47,1,172.5,0,55.125,227.625,0
284,1.45,1,41.25,0,6,47.25,0
379,1.48,1,45,0,13.5,58.5,0
1670,8.95,1,157.5,15,6,178.5,0
445,3.15,1,60,8,9.25,77.25,0
870,2.77,1,78.75,0,6,84.75,0
262,1.24,1,37.5,13,13.25,63.75,0
817,2.01,1,71.25,0,6,77.25,0
684,2.93,1,71.25,0,34.125,105.375,1
292,1.21,1,41.25,9,6.45,56.7,0
429,1.79,1,52.5,0,6,58.5,0
1050,3.98,1,90,19,6.2,115.2,0
251,1.14,1,37.5,15,6,58.5,0
707,2.19,1,67.5,0,13.5,81,0
443,1.61,1,48.75,8,13,69.75,0
1204,4.8,1,108.75,23,5.95,137.7,0
511,1.75,1,52.5,12,10.2,74.7,0
135,0.53,1,26.25,0,6,32.25,0
2802,45.46,6,701.25,0,90.375,791.625,0
611,2.4,1,63.75,21,5.925,90.675,0
1369,3.38,1,116.25,0,6,122.25,0
955,17.24,1,221.25,57,5.85,284.1,0
2687,23.64,1,345,94,30.2,469.2,1
415,1.87,1,48.75,0,26.625,75.375,1
654,2.59,1,67.5,15,5.7,88.2,0
2251,10.65,1,198.75,42,13.95,254.7,0
2540,12.23,1,243.75,0,13.5,257.25,0
328,0.97,1,41.25,0,6,47.25,0
331,1.69,1,45,0,9.75,54.75,0
2195,5.57,1,176.25,0,6,182.25,0
396,1.77,1,48.75,11,5.875,65.625,0
1128,3.54,1,112.5,0,2.25,114.75,0
632,2.53,1,67.5,0,13.5,81,0
1370,4.43,1,116.25,0,26.625,142.875,1
967,3.15,1,86.25,30,34.2,150.45,1
2516,11.91,1,228.75,47,5.95,281.7,0
159,1.29,1,33.75,7,9.275,50.025,0
733,3.25,1,75,13,26.75,114.75,1
325,1.77,2,45,10,6.2,61.2,0
892,4.96,1,97.5,0,6,103.5,0
326,0.74,1,41.25,0,6,47.25,0
928,4.09,1,90,23,26.95,139.95,1
248,1.53,6,41.25,11,13.45,65.7,0
1423,15.37,2,221.25,0,9.75,231,0
476,1.46,1,52.5,0,6,58.5,0
410,1.69,1,48.75,16,6.425,71.175,0
559,2.54,1,60,15,6,81,0
426,1.45,1,48.75,0,13.5,62.25,0
290,1.29,1,41.25,9,6.375,56.625,0
502,2.27,1,60,15,13.2,88.2,0
715,3.54,1,75,22,33.875,130.875,1
772,4.14,1,82.5,0,26.625,109.125,1
1329,6.26,1,127.5,30,9.75,167.25,0
494,1.88,1,52.5,18,5.55,76.05,0
1991,7.66,1,161.25,15,26.625,202.875,1
1081,6.57,1,112.5,0,26.625,139.125,1
1806,8.51,1,165,0,13.5,178.5,0
444,1.77,1,48.75,12,9.375,70.125,0
442,1.26,1,48.75,15,9.375,73.125,0
1890,4.6,1,146.25,22,27.125,195.375,1
1012,3.01,1,90,0,13.5,103.5,0
521,1.42,1,52.5,0,6,58.5,0
1226,9.64,1,153.75,8,29.875,191.625,1
1738,7.5,1,153.75,0,6,159.75,0
1143,6.12,1,112.5,0,34.125,146.625,1
566,3.22,1,71.25,15,6.375,92.625,0
1138,7.97,1,142.5,30,26.625,199.125,1
696,3.03,1,71.25,23,6.175,100.425,0
632,2.78,1,67.5,0,6,73.5,0
953,5.79,1,105,26,26.95,157.95,1
1229,5.65,1,120,8,26.125,154.125,1
780,4.39,1,86.25,23,26.2,135.45,1
1322,12.94,1,282.75,57,2.25,342,0
486,2.38,1,56.25,6,6.225,68.475,0
1078,3.33,1,93.75,28,27.125,148.875,1
121,0.6,2,26.25,15,9.75,51,0
785,1.61,1,67.5,15,10.125,92.625,0
814,3.38,1,78.75,0,6,84.75,0
659,2.61,1,67.5,0,9.75,77.25,0
1209,4.68,1,108.75,29,33.7,171.45,1
250,1.26,1,37.5,0,6,43.5,0
952,3.77,1,90,23,26.95,139.95,1
28750,16.98,1,277.5,0,6,283.5,0
735,1.92,1,67.5,0,6,73.5,0
346,2.17,1,48.75,1,5.6,55.35,0
760,4.04,1,78.75,21,26.7,126.45,1
341,1.01,1,41.25,11,13.45,65.7,0
1429,7.9,1,153.75,36,26.7,216.45,1
334,2.04,1,48.75,18,9.3,76.05,0
333,1.43,1,41.25,0,6,47.25,0
280,2.12,1,45,15,6.3,66.3,0
1431,5.1,3,67.5,0,2.25,69.75,0
957,3.54,2,86.25,0,13.5,99.75,0
439,1.77,1,48.75,15,6,69.75,0
955,9.91,2,142.5,0,6,148.5,0
179,0.72,1,30,0,6,36,0
1016,4.2,5,97.5,21,5.7,124.2,0
409,2.32,1,52.5,8,5.5,66,0
5276,16.22,1,390,0,6,396,0
254,1.06,1,37.5,0,13.5,51,0
1134,4.81,1,101.25,0,26.625,127.875,1
1037,10.62,1,161.25,0,26.625,187.875,1
209,2.74,1,48.75,0,9.75,58.5,0
796,2.57,1,71.25,0,6,77.25,0
214,1.14,1,33.75,19,30.575,83.325,1
318,1.38,1,562.5,113,2.2,677.7,0
741,4.23,1,82.5,19,13.7,115.2,0
1113,16.24,1,225,45,2.7,272.7,0
1848,27.05,1,375,0,2.25,377.25,0
1173,7.4,1,127.5,0,6,133.5,0
1117,4.99,1,108.75,0,26.625,135.375,1
431,2.2,1,52.5,12,10.2,74.7,0
647,2.22,1,63.75,0,6,69.75,0
3796,7.9,1,281.25,0,6,287.25,0
937,3.62,1,90,20,9.7,119.7,0
178,0.77,1,30,8,5.5,43.5,0
436,2.04,1,48.75,0,6,54.75,0
654,2.57,1,67.5,0,6,73.5,0
549,3.17,1,67.5,14,26.725,108.225,1
983,3.19,2,90,25,33.95,148.95,1
453,2.43,1,56.25,8,5.5,69.75,0
273,1.06,2,37.5,0,6,43.5,0
754,1.61,1,67.5,0,13.5,81,0
1126,10.81,6,168.75,0,55.125,223.875,0
869,3.22,1,82.5,0,6,88.5,0
1176,5.71,1,112.5,28,26.45,166.95,1
663,2.96,1,67.5,0,6,73.5,0
1225,5.34,1,116.25,15,26.625,157.875,1
765,3.67,1,78.75,15,13.5,107.25,0
806,7.39,1,116.25,0,6,122.25,0
2100,15.1,1,247.5,0,6,253.5,0
741,2.9,1,71.25,0,13.5,84.75,0
761,4.47,2,90,0,9.75,99.75,0
1158,4.83,2,112.5,29,34.375,175.875,1
903,5.47,1,101.25,0,26.625,127.875,1
713,3.22,1,75,18,13.2,106.2,0
728,2.03,5,67.5,0,6,73.5,0
1339,13.84,1,195,25,26.6,246.6,1
568,2.41,1,60,18,13.875,91.875,0
93,0.6,1,26.25,0,9.75,36,0
1066,2.67,1,86.25,18,6.45,110.7,0
47406,6.12,1,93.75,20,5.95,119.7,0
652,2.95,1,67.5,11,6.025,84.525,0
409,1.72,1,48.75,18,9.3,76.05,0
500,1.87,1,56.25,16,5.6,77.85,0
895,3.7,1,90,29,5.8,124.8,0
2169,10.69,1,198.75,15,6,219.75,0
892,3.38,1,86.25,15,6,107.25,0
608,4.83,1,75,0,30.375,105.375,1
319,1.03,2,41.25,0,9.75,51,0
567,6.34,1,97.5,0,6,103.5,0
1422,9.95,1,161.25,28,26.825,216.075,1
360,1.51,1,45,16,10.175,71.175,0
831,3.48,2,82.5,15,6,103.5,0
2059,10.04,1,202.5,42,5.7,250.2,0
397,2.06,1,52.5,19,9.425,80.925,0
576,6.49,1,101.25,0,6,107.25,0
1058,5.31,2,101.25,0,6,107.25,0
1397,6.26,2,135,22,27.125,184.125,1
575,6.44,1,101.25,0,6,107.25,0
343,1.92,1,48.75,0,6,54.75,0
1279,5.01,2,112.5,0,6,118.5,0
61,0.16,2,22.5,0,6,28.5,0
470,2.54,1,56.25,12,6.45,74.7,0
1386,5.79,1,123.75,27,13.95,164.7,0
521,2.41,5,60,0,9.75,69.75,0
653,3.59,1,78.75,0,26.625,105.375,1
644,2.37,1,63.75,0,13.5,77.25,0
1618,16.17,2,427.5,0,2.25,429.75,0
750,3.06,1,71.25,21,34.2,126.45,1
715,2.48,1,71.25,8,5.5,84.75,0
1040,7.02,1,120,0,13.5,133.5,0
878,4.06,1,86.25,0,6,92.25,0
509,2.25,1,56.25,14,13.45,83.7,0
654,2.88,1,67.5,0,6,73.5,0
384,1.8,1,48.75,0,6,54.75,0
579,1.51,1,56.25,0,6.075,62.325,0
510,2.25,1,56.25,0,6,62.25,0
1728,8.72,1,172.5,0,26.625,199.125,1
2712,13.24,1,243.75,7,9.35,260.1,0
848,1.05,1,71.25,24,27.075,122.325,1
1140,10.2,1,153.75,0,6,159.75,0
324,0.98,1,37.5,0,13.5,51,0
502,2.09,1,56.25,0,6,62.25,0
563,1.71,2,52.5,0,6,58.5,0
1089,6.92,1,116.25,0,9.75,126,0
1237,4.3,1,101.25,26,26.2,153.45,1
1014,4.59,1,97.5,0,13.5,111,0
1129,3.85,1,105,0,6,111,0
538,1.93,1,56.25,18,34.2,108.45,1
1229,4.72,1,112.5,0,26.625,139.125,1
851,2.27,1,75,16,6.2,97.2,0
1026,6,5,108.75,27,26.7,162.45,1
278,2.09,1,45,38,5.5,88.5,0
552,2.32,2,56.25,3,6.15,65.4,0
646,4.36,1,78.75,8,9.25,96,0
951,6.76,5,116.25,14,26.875,157.125,1
1388,6.32,1,123.75,27,9.45,160.2,0
1061,9.01,1,142.5,22,27.125,191.625,1
474,2.35,1,56.25,0,9.75,66,0
791,6.28,5,101.25,23,13.45,137.7,0
1679,10.14,2,176.25,0,13.5,189.75,0
1113,12.6,1,183.75,22,30.875,236.625,1
689,5.83,1,101.25,0,9.75,111,0
258,2.16,1,45,15,13.125,73.125,0
754,3.15,1,75,38,5.5,118.5,0
1897,7.48,1,153.75,0,9.75,163.5,0
1030,3.6,1,93.75,30,26.7,150.45,1
770,4.06,1,82.5,0,34.125,116.625,1
261,0.9,3,37.5,8,5.5,51,0
936,2.46,1,78.75,45,26.625,150.375,1
20,0.64,2,135,27,0,162,0
3251,18.41,1,318.75,0,26.625,345.375,1
945,4.54,1,93.75,30,26.7,150.45,1
755,3.83,1,82.5,8,26.125,116.625,1
309,1.43,1,41.25,14,26.2,81.45,1
637,9.17,1,131.25,0,6,137.25,0
964,4.63,1,93.75,0,34.125,127.875,1
492,1.79,1,56.25,10,27.125,93.375,1
382,1.82,1,45,8,5.5,58.5,0
800,5.5,4,93.75,21,13.95,128.7,0
345,2.66,1,52.5,0,9.75,62.25,0
1048,6.63,1,116.25,0,13.5,129.75,0
569,2.38,1,60,9,6,75,0
1360,6.44,1,108.75,0,6,114.75,0
337,2.08,1,45,15,6.3,66.3,0
1166,4.23,1,108.75,29,5.65,143.4,0
